{
  "hash": "4911a182",
  "browserHash": "a449581b",
  "optimized": {
    "@angular/platform-browser": {
      "src": "../../../../../node_modules/@angular/platform-browser/fesm2022/platform-browser.mjs",
      "file": "@angular_platform-browser.js",
      "fileHash": "32889683",
      "needsInterop": false
    },
    "@angular/common/http": {
      "src": "../../../../../node_modules/@angular/common/fesm2022/http.mjs",
      "file": "@angular_common_http.js",
      "fileHash": "826fc768",
      "needsInterop": false
    },
    "@angular/core": {
      "src": "../../../../../node_modules/@angular/core/fesm2022/core.mjs",
      "file": "@angular_core.js",
      "fileHash": "3033e89c",
      "needsInterop": false
    },
    "@angular/router": {
      "src": "../../../../../node_modules/@angular/router/fesm2022/router.mjs",
      "file": "@angular_router.js",
      "fileHash": "b15ed484",
      "needsInterop": false
    },
    "@angular/platform-browser/animations": {
      "src": "../../../../../node_modules/@angular/platform-browser/fesm2022/animations.mjs",
      "file": "@angular_platform-browser_animations.js",
      "fileHash": "62a853a7",
      "needsInterop": false
    },
    "@angular/common": {
      "src": "../../../../../node_modules/@angular/common/fesm2022/common.mjs",
      "file": "@angular_common.js",
      "fileHash": "5588e4ae",
      "needsInterop": false
    },
    "@angular/forms": {
      "src": "../../../../../node_modules/@angular/forms/fesm2022/forms.mjs",
      "file": "@angular_forms.js",
      "fileHash": "002da287",
      "needsInterop": false
    },
    "primeng/button": {
      "src": "../../../../../node_modules/primeng/fesm2022/primeng-button.mjs",
      "file": "primeng_button.js",
      "fileHash": "9bf6ae5b",
      "needsInterop": false
    },
    "primeng/inputtext": {
      "src": "../../../../../node_modules/primeng/fesm2022/primeng-inputtext.mjs",
      "file": "primeng_inputtext.js",
      "fileHash": "5f307435",
      "needsInterop": false
    },
    "primeng/password": {
      "src": "../../../../../node_modules/primeng/fesm2022/primeng-password.mjs",
      "file": "primeng_password.js",
      "fileHash": "f6a71abd",
      "needsInterop": false
    },
    "primeng/paginator": {
      "src": "../../../../../node_modules/primeng/fesm2022/primeng-paginator.mjs",
      "file": "primeng_paginator.js",
      "fileHash": "378529c7",
      "needsInterop": false
    },
    "primeng/table": {
      "src": "../../../../../node_modules/primeng/fesm2022/primeng-table.mjs",
      "file": "primeng_table.js",
      "fileHash": "6a5081ce",
      "needsInterop": false
    },
    "primeng/dialog": {
      "src": "../../../../../node_modules/primeng/fesm2022/primeng-dialog.mjs",
      "file": "primeng_dialog.js",
      "fileHash": "2b3e8146",
      "needsInterop": false
    },
    "primeng/toast": {
      "src": "../../../../../node_modules/primeng/fesm2022/primeng-toast.mjs",
      "file": "primeng_toast.js",
      "fileHash": "135159ef",
      "needsInterop": false
    },
    "primeng/api": {
      "src": "../../../../../node_modules/primeng/fesm2022/primeng-api.mjs",
      "file": "primeng_api.js",
      "fileHash": "a1a0abac",
      "needsInterop": false
    },
    "primeng/confirmdialog": {
      "src": "../../../../../node_modules/primeng/fesm2022/primeng-confirmdialog.mjs",
      "file": "primeng_confirmdialog.js",
      "fileHash": "59c1e042",
      "needsInterop": false
    },
    "primeng/calendar": {
      "src": "../../../../../node_modules/primeng/fesm2022/primeng-calendar.mjs",
      "file": "primeng_calendar.js",
      "fileHash": "e9a19bf1",
      "needsInterop": false
    },
    "primeng/tooltip": {
      "src": "../../../../../node_modules/primeng/fesm2022/primeng-tooltip.mjs",
      "file": "primeng_tooltip.js",
      "fileHash": "7e5192a5",
      "needsInterop": false
    },
    "primeng/dropdown": {
      "src": "../../../../../node_modules/primeng/fesm2022/primeng-dropdown.mjs",
      "file": "primeng_dropdown.js",
      "fileHash": "20affd1b",
      "needsInterop": false
    },
    "primeng/inputnumber": {
      "src": "../../../../../node_modules/primeng/fesm2022/primeng-inputnumber.mjs",
      "file": "primeng_inputnumber.js",
      "fileHash": "eea0023a",
      "needsInterop": false
    },
    "zone.js": {
      "src": "../../../../../node_modules/zone.js/fesm2015/zone.js",
      "file": "zone__js.js",
      "fileHash": "f0a26a51",
      "needsInterop": true
    }
  },
  "chunks": {
    "chunk-6CJLUH2M": {
      "file": "chunk-6CJLUH2M.js"
    },
    "chunk-X7XWGLEI": {
      "file": "chunk-X7XWGLEI.js"
    },
    "chunk-GS7HMODY": {
      "file": "chunk-GS7HMODY.js"
    },
    "chunk-U75FJJAE": {
      "file": "chunk-U75FJJAE.js"
    },
    "chunk-MSZE55HP": {
      "file": "chunk-MSZE55HP.js"
    },
    "chunk-4CNBE5UV": {
      "file": "chunk-4CNBE5UV.js"
    },
    "chunk-X3IP2FCG": {
      "file": "chunk-X3IP2FCG.js"
    },
    "chunk-OM3QBGIG": {
      "file": "chunk-OM3QBGIG.js"
    },
    "chunk-6THTVNIH": {
      "file": "chunk-6THTVNIH.js"
    },
    "chunk-EKIW5Y6P": {
      "file": "chunk-EKIW5Y6P.js"
    },
    "chunk-QZJXZ47P": {
      "file": "chunk-QZJXZ47P.js"
    },
    "chunk-X74GRO6L": {
      "file": "chunk-X74GRO6L.js"
    },
    "chunk-2VPFXDPV": {
      "file": "chunk-2VPFXDPV.js"
    },
    "chunk-3BANCRCW": {
      "file": "chunk-3BANCRCW.js"
    },
    "chunk-RLXDGSWF": {
      "file": "chunk-RLXDGSWF.js"
    },
    "chunk-OT6KADS5": {
      "file": "chunk-OT6KADS5.js"
    },
    "chunk-BKZWOI7I": {
      "file": "chunk-BKZWOI7I.js"
    },
    "chunk-3SQF7L7O": {
      "file": "chunk-3SQF7L7O.js"
    },
    "chunk-Z4RYF7KA": {
      "file": "chunk-Z4RYF7KA.js"
    },
    "chunk-355YGYZD": {
      "file": "chunk-355YGYZD.js"
    },
    "chunk-YNLWGVCA": {
      "file": "chunk-YNLWGVCA.js"
    },
    "chunk-SU2WE4RP": {
      "file": "chunk-SU2WE4RP.js"
    }
  }
}