{
  "hash": "3321e0ad",
  "configHash": "62de695c",
  "lockfileHash": "3bce3a3c",
  "browserHash": "e18d9804",
  "optimized": {
    "@angular/common": {
      "src": "../../../../../../node_modules/@angular/common/fesm2022/common.mjs",
      "file": "@angular_common.js",
      "fileHash": "dd3e0248",
      "needsInterop": false
    },
    "@angular/common/http": {
      "src": "../../../../../../node_modules/@angular/common/fesm2022/http.mjs",
      "file": "@angular_common_http.js",
      "fileHash": "1c69daae",
      "needsInterop": false
    },
    "@angular/core": {
      "src": "../../../../../../node_modules/@angular/core/fesm2022/core.mjs",
      "file": "@angular_core.js",
      "fileHash": "8a7dbefd",
      "needsInterop": false
    },
    "@angular/forms": {
      "src": "../../../../../../node_modules/@angular/forms/fesm2022/forms.mjs",
      "file": "@angular_forms.js",
      "fileHash": "1c1cccd6",
      "needsInterop": false
    },
    "@angular/platform-browser": {
      "src": "../../../../../../node_modules/@angular/platform-browser/fesm2022/platform-browser.mjs",
      "file": "@angular_platform-browser.js",
      "fileHash": "78b80820",
      "needsInterop": false
    },
    "@angular/platform-browser/animations": {
      "src": "../../../../../../node_modules/@angular/platform-browser/fesm2022/animations.mjs",
      "file": "@angular_platform-browser_animations.js",
      "fileHash": "62a29bfb",
      "needsInterop": false
    },
    "@angular/router": {
      "src": "../../../../../../node_modules/@angular/router/fesm2022/router.mjs",
      "file": "@angular_router.js",
      "fileHash": "7735747e",
      "needsInterop": false
    },
    "primeng/api": {
      "src": "../../../../../../node_modules/primeng/fesm2020/primeng-api.mjs",
      "file": "primeng_api.js",
      "fileHash": "83662af9",
      "needsInterop": false
    },
    "primeng/button": {
      "src": "../../../../../../node_modules/primeng/fesm2020/primeng-button.mjs",
      "file": "primeng_button.js",
      "fileHash": "eebc06e6",
      "needsInterop": false
    },
    "primeng/calendar": {
      "src": "../../../../../../node_modules/primeng/fesm2020/primeng-calendar.mjs",
      "file": "primeng_calendar.js",
      "fileHash": "4fe3da1f",
      "needsInterop": false
    },
    "primeng/confirmdialog": {
      "src": "../../../../../../node_modules/primeng/fesm2020/primeng-confirmdialog.mjs",
      "file": "primeng_confirmdialog.js",
      "fileHash": "d3efa8c6",
      "needsInterop": false
    },
    "primeng/dialog": {
      "src": "../../../../../../node_modules/primeng/fesm2020/primeng-dialog.mjs",
      "file": "primeng_dialog.js",
      "fileHash": "c1c50172",
      "needsInterop": false
    },
    "primeng/dropdown": {
      "src": "../../../../../../node_modules/primeng/fesm2020/primeng-dropdown.mjs",
      "file": "primeng_dropdown.js",
      "fileHash": "39da522a",
      "needsInterop": false
    },
    "primeng/inputnumber": {
      "src": "../../../../../../node_modules/primeng/fesm2020/primeng-inputnumber.mjs",
      "file": "primeng_inputnumber.js",
      "fileHash": "3fa2b71b",
      "needsInterop": false
    },
    "primeng/inputtext": {
      "src": "../../../../../../node_modules/primeng/fesm2020/primeng-inputtext.mjs",
      "file": "primeng_inputtext.js",
      "fileHash": "db90c41b",
      "needsInterop": false
    },
    "primeng/paginator": {
      "src": "../../../../../../node_modules/primeng/fesm2020/primeng-paginator.mjs",
      "file": "primeng_paginator.js",
      "fileHash": "2b23cd94",
      "needsInterop": false
    },
    "primeng/password": {
      "src": "../../../../../../node_modules/primeng/fesm2020/primeng-password.mjs",
      "file": "primeng_password.js",
      "fileHash": "c80763b0",
      "needsInterop": false
    },
    "primeng/table": {
      "src": "../../../../../../node_modules/primeng/fesm2020/primeng-table.mjs",
      "file": "primeng_table.js",
      "fileHash": "adda9b56",
      "needsInterop": false
    },
    "primeng/toast": {
      "src": "../../../../../../node_modules/primeng/fesm2020/primeng-toast.mjs",
      "file": "primeng_toast.js",
      "fileHash": "64772169",
      "needsInterop": false
    },
    "primeng/tooltip": {
      "src": "../../../../../../node_modules/primeng/fesm2020/primeng-tooltip.mjs",
      "file": "primeng_tooltip.js",
      "fileHash": "1e4475ad",
      "needsInterop": false
    }
  },
  "chunks": {
    "chunk-5EIH4IHV": {
      "file": "chunk-5EIH4IHV.js"
    },
    "chunk-DBJRMHPO": {
      "file": "chunk-DBJRMHPO.js"
    },
    "chunk-PY2WHUIA": {
      "file": "chunk-PY2WHUIA.js"
    },
    "chunk-LPHH5XCW": {
      "file": "chunk-LPHH5XCW.js"
    },
    "chunk-2ICAB5VU": {
      "file": "chunk-2ICAB5VU.js"
    },
    "chunk-WYJ5Q5F3": {
      "file": "chunk-WYJ5Q5F3.js"
    },
    "chunk-OHKXGLDU": {
      "file": "chunk-OHKXGLDU.js"
    },
    "chunk-TVQZRLIR": {
      "file": "chunk-TVQZRLIR.js"
    },
    "chunk-NZDNKXNC": {
      "file": "chunk-NZDNKXNC.js"
    },
    "chunk-MMJD6NYL": {
      "file": "chunk-MMJD6NYL.js"
    },
    "chunk-TW6SCFS5": {
      "file": "chunk-TW6SCFS5.js"
    },
    "chunk-WAU2QFQN": {
      "file": "chunk-WAU2QFQN.js"
    },
    "chunk-35CC7YDG": {
      "file": "chunk-35CC7YDG.js"
    },
    "chunk-6UWOUDTU": {
      "file": "chunk-6UWOUDTU.js"
    },
    "chunk-MVK62XNF": {
      "file": "chunk-MVK62XNF.js"
    },
    "chunk-LVJ2ZDK5": {
      "file": "chunk-LVJ2ZDK5.js"
    },
    "chunk-RJHN5L3D": {
      "file": "chunk-RJHN5L3D.js"
    },
    "chunk-IS2NJ2KB": {
      "file": "chunk-IS2NJ2KB.js"
    },
    "chunk-YB7WTEJX": {
      "file": "chunk-YB7WTEJX.js"
    },
    "chunk-LC63JU7F": {
      "file": "chunk-LC63JU7F.js"
    },
    "chunk-SXHOZHTL": {
      "file": "chunk-SXHOZHTL.js"
    }
  }
}